t_s,commanded,engaged,target_z,camera_z
0.0000,0,0,-20.0000,1.7619
0.0069,0,0,-20.0000,3.3686
0.0139,0,0,-20.0000,4.8338
0.0208,0,0,-20.0000,6.1699
0.0278,0,0,-20.0000,7.3883
0.0347,0,0,-20.0000,8.4993
0.0417,0,0,-20.0000,9.5125
0.0486,0,0,-20.0000,10.4364
0.0556,0,0,-20.0000,11.2789
0.0625,0,0,-20.0000,12.0472
0.0694,0,0,-20.0000,12.7478
0.0764,0,0,-20.0000,13.3867
0.0833,0,0,-20.0000,13.9693
0.0903,0,0,-20.0000,14.5006
0.0972,0,0,-20.0000,14.9851
0.1042,0,0,-20.0000,15.4269
0.1111,0,0,-20.0000,15.8298
0.1181,0,0,-20.0000,16.1971
0.1250,0,0,-20.0000,16.5322
0.1319,0,0,-20.0000,16.8377
0.1389,0,0,-20.0000,17.1163
0.1458,0,0,-20.0000,17.3703
0.1528,0,0,-20.0000,17.6020
0.1597,0,0,-20.0000,17.8132
0.1667,0,0,-20.0000,18.0059
0.1736,0,0,-20.0000,18.1816
0.1806,0,0,-20.0000,18.3418
0.1875,0,0,-20.0000,18.4878
0.1944,0,0,-20.0000,18.6211
0.2014,0,0,-20.0000,18.7425
0.2083,0,0,-20.0000,18.8533
0.2153,0,0,-20.0000,18.9543
0.2222,0,0,-20.0000,19.0465
0.2292,0,0,-20.0000,19.1305
0.2361,0,0,-20.0000,19.2071
0.2431,0,0,-20.0000,19.2769
0.2500,0,0,-20.0000,19.3406
0.2569,0,0,-20.0000,19.3987
0.2639,0,0,-20.0000,19.4517
0.2708,0,0,-20.0000,19.5000
0.2778,0,0,-20.0000,19.5440
0.2847,0,0,-20.0000,19.5842
0.2917,0,0,-20.0000,19.6208
0.2986,0,0,-20.0000,19.6542
0.3056,0,0,-20.0000,19.6847
0.3125,0,0,-20.0000,19.7125
0.3194,0,0,-20.0000,19.7378
0.3264,0,0,-20.0000,19.7609
0.3333,0,0,-20.0000,19.7820
0.3403,0,0,-20.0000,19.8012
0.3472,0,0,-20.0000,19.8187
0.3542,0,0,-20.0000,19.8347
0.3611,0,0,-20.0000,19.8492
0.3681,0,0,-20.0000,19.8625
0.3750,0,0,-20.0000,19.8746
0.3819,0,0,-20.0000,19.8857
0.3889,0,0,-20.0000,19.8957
0.3958,0,0,-20.0000,19.9049
0.4028,0,0,-20.0000,19.9133
0.4097,0,0,-20.0000,19.9209
0.4167,0,0,-20.0000,19.9279
0.4236,0,0,-20.0000,19.9343
0.4306,0,0,-20.0000,19.9401
0.4375,0,0,-20.0000,19.9453
0.4444,0,0,-20.0000,19.9502
0.4514,0,0,-20.0000,19.9545
0.4583,0,0,-20.0000,19.9585
0.4653,0,0,-20.0000,19.9622
0.4722,0,0,-20.0000,19.9655
0.4792,0,0,-20.0000,19.9686
0.4861,0,0,-20.0000,19.9713
0.4931,0,0,-20.0000,19.9739
0.5000,1,0,-20.0000,19.9762
0.5069,1,0,-20.0000,19.9783
0.5139,1,0,-20.0000,19.9802
0.5208,1,0,-20.0000,19.9819
0.5278,1,0,-20.0000,19.9835
0.5347,1,0,-20.0000,19.9850
0.5417,1,0,-20.0000,19.9863
0.5486,1,0,-20.0000,19.9875
0.5556,1,0,-20.0000,19.9886
0.5625,1,0,-20.0000,19.9896
0.5694,1,0,-20.0000,19.9905
0.5764,1,0,-20.0000,19.9914
0.5833,1,0,-20.0000,19.9921
0.5903,1,0,-20.0000,19.9928
0.5972,1,0,-20.0000,19.9934
0.6042,1,0,-20.0000,19.9940
0.6111,1,0,-20.0000,19.9946
0.6181,1,0,-20.0000,19.9950
0.6250,1,0,-20.0000,19.9955
0.6319,1,0,-20.0000,19.9959
0.6389,1,0,-20.0000,19.9962
0.6458,1,0,-20.0000,19.9966
0.6528,1,0,-20.0000,19.9969
0.6597,1,0,-20.0000,19.9971
0.6667,1,0,-20.0000,19.9974
0.6736,1,0,-20.0000,19.9976
0.6806,1,0,-20.0000,19.9978
0.6875,1,0,-20.0000,19.9980
0.6944,1,0,-20.0000,19.9982
0.7014,1,0,-20.0000,19.9984
0.7083,1,0,-20.0000,19.9985
0.7153,1,0,-20.0000,19.9986
0.7222,1,0,-20.0000,19.9988
0.7292,1,0,-20.0000,19.9989
0.7361,1,0,-20.0000,19.9990
0.7431,1,0,-20.0000,19.9991
0.7500,1,0,-20.0000,19.9991
0.7569,1,0,-20.0000,19.9992
0.7639,1,0,-20.0000,19.9993
0.7708,1,0,-20.0000,19.9994
0.7778,1,0,-20.0000,19.9994
0.7847,1,0,-20.0000,19.9995
0.7917,1,0,-20.0000,19.9995
0.7986,1,0,-20.0000,19.9996
0.8056,1,0,-20.0000,19.9996
0.8125,1,0,-20.0000,19.9996
0.8194,1,0,-20.0000,19.9997
0.8264,1,0,-20.0000,19.9997
0.8333,1,0,-20.0000,19.9997
0.8403,1,0,-20.0000,19.9997
0.8472,1,0,-20.0000,19.9998
0.8542,1,0,-20.0000,19.9998
0.8611,1,0,-20.0000,19.9998
0.8681,1,0,-20.0000,19.9998
0.8750,1,0,-20.0000,19.9998
0.8819,1,0,-20.0000,19.9999
0.8889,1,0,-20.0000,19.9999
0.8958,1,0,-20.0000,19.9999
0.9028,1,0,-20.0000,19.9999
0.9097,1,0,-20.0000,19.9999
0.9167,1,0,-20.0000,19.9999
0.9236,1,0,-20.0000,19.9999
0.9306,1,0,-20.0000,19.9999
0.9375,1,0,-20.0000,19.9999
0.9444,1,0,-20.0000,19.9999
0.9514,1,0,-20.0000,19.9999
0.9583,1,0,-20.0000,20.0000
0.9653,1,0,-20.0000,20.0000
0.9722,1,0,-20.0000,20.0000
0.9792,1,1,-23.0923,20.2724
0.9861,1,1,-23.0923,20.5208
0.9931,1,1,-23.0923,20.7474
1.0000,1,1,-23.0923,20.9539
1.0069,1,1,-23.0923,21.1423
1.0139,1,1,-23.0923,21.3141
1.0208,1,1,-23.0923,21.4708
1.0278,1,1,-23.0923,21.6136
1.0347,1,1,-23.0923,21.7439
1.0417,1,1,-23.0923,21.8627
1.0486,1,1,-23.0923,21.9710
1.0556,1,1,-23.0923,22.0698
1.0625,1,1,-23.0923,22.1599
1.0694,1,1,-23.0923,22.2420
1.0764,1,1,-23.0923,22.3169
1.0833,1,1,-23.0923,22.3852
1.0903,1,1,-23.0923,22.4475
1.0972,1,1,-23.0923,22.5043
1.1042,1,1,-23.0923,22.5561
1.1111,1,1,-23.0923,22.6034
1.1181,1,1,-23.0923,22.6465
1.1250,1,1,-23.0923,22.6857
1.1319,1,1,-23.0923,22.7215
1.1389,1,1,-23.0923,22.7542
1.1458,1,1,-23.0923,22.7840
1.1528,1,1,-23.0923,22.8112
1.1597,1,1,-23.0923,22.8359
1.1667,1,1,-23.0923,22.8585
1.1736,1,1,-23.0923,22.8791
1.1806,1,1,-23.0923,22.8979
1.1875,1,1,-23.0923,22.9150
1.1944,1,1,-23.0923,22.9306
1.2014,1,1,-23.0923,22.9449
1.2083,1,1,-23.0923,22.9579
1.2153,1,1,-23.0923,22.9697
1.2222,1,1,-23.0923,22.9805
1.2292,1,1,-23.0923,22.9904
1.2361,1,1,-23.0923,22.9994
1.2431,1,1,-23.0923,23.0075
1.2500,1,1,-23.0923,23.0150
1.2569,1,1,-23.0923,23.0218
1.2639,1,1,-23.0923,23.0280
1.2708,1,1,-23.0923,23.0337
1.2778,1,1,-23.0923,23.0389
1.2847,1,1,-23.0923,23.0436
1.2917,1,1,-23.0923,23.0479
1.2986,1,1,-23.0923,23.0518
1.3056,1,1,-23.0923,23.0554
1.3125,1,1,-23.0923,23.0586
1.3194,1,1,-23.0923,23.0616
1.3264,1,1,-23.0923,23.0643
1.3333,1,1,-23.0923,23.0668
1.3403,1,1,-23.0923,23.0690
1.3472,1,1,-23.0923,23.0711
1.3542,1,1,-23.0923,23.0729
1.3611,1,1,-23.0923,23.0747
1.3681,1,1,-23.0923,23.0762
1.3750,1,1,-23.0923,23.0776
1.3819,1,1,-23.0923,23.0789
1.3889,1,1,-23.0923,23.0801
1.3958,1,1,-23.0923,23.0812
1.4028,1,1,-23.0923,23.0822
1.4097,1,1,-23.0923,23.0831
1.4167,1,1,-23.0923,23.0839
1.4236,1,1,-23.0923,23.0846
1.4306,1,1,-23.0923,23.0853
1.4375,1,1,-23.0923,23.0859
1.4444,1,1,-23.0923,23.0865
1.4514,1,1,-23.0923,23.0870
1.4583,1,1,-23.0923,23.0875
1.4653,1,1,-23.0923,23.0879
1.4722,1,1,-23.0923,23.0883
1.4792,1,1,-23.0923,23.0886
1.4861,1,1,-23.0923,23.0890
1.4931,1,1,-23.0923,23.0893
1.5000,1,1,-23.0923,23.0895
1.5069,1,1,-23.0923,23.0898
1.5139,1,1,-23.0923,23.0900
1.5208,1,1,-23.0923,23.0902
1.5278,1,1,-23.0923,23.0904
1.5347,1,1,-23.0923,23.0906
1.5417,1,1,-23.0923,23.0907
1.5486,1,1,-23.0923,23.0909
1.5556,1,1,-23.0923,23.0910
1.5625,1,1,-23.0923,23.0911
1.5694,1,1,-23.0923,23.0912
1.5764,1,1,-23.0923,23.0913
1.5833,1,1,-23.0923,23.0914
1.5903,1,1,-23.0923,23.0915
1.5972,1,1,-23.0923,23.0916
1.6042,1,1,-23.0923,23.0916
1.6111,1,1,-23.0923,23.0917
1.6181,1,1,-23.0923,23.0917
1.6250,1,1,-23.0923,23.0918
1.6319,1,1,-23.0923,23.0918
1.6389,1,1,-23.0923,23.0919
1.6458,1,1,-23.0923,23.0919
1.6528,1,1,-23.0923,23.0920
1.6597,1,1,-23.0923,23.0920
1.6667,1,1,-23.0923,23.0920
1.6736,1,1,-23.0923,23.0920
1.6806,1,1,-23.0923,23.0921
1.6875,1,1,-23.0923,23.0921
1.6944,1,1,-23.0923,23.0921
1.7014,1,1,-23.0923,23.0921
1.7083,1,1,-23.0923,23.0922
1.7153,1,1,-23.0923,23.0922
1.7222,1,1,-23.0923,23.0922
1.7292,1,1,-23.0923,23.0922
1.7361,1,1,-23.0923,23.0922
1.7431,1,1,-23.0923,23.0922
1.7500,1,1,-23.0923,23.0922
1.7569,1,1,-23.0923,23.0922
1.7639,1,1,-23.0923,23.0922
1.7708,1,1,-23.0923,23.0923
1.7778,1,1,-23.0923,23.0923
1.7847,1,1,-23.0923,23.0923
1.7917,1,1,-23.0923,23.0923
1.7986,1,1,-23.0923,23.0923
1.8056,1,1,-23.0923,23.0923
1.8125,1,1,-23.0923,23.0923
1.8194,1,1,-23.0923,23.0923
1.8264,1,1,-23.0923,23.0923
1.8333,1,1,-23.0923,23.0923
1.8403,1,1,-23.0923,23.0923
1.8472,1,1,-23.0923,23.0923
1.8542,1,1,-23.0923,23.0923
1.8611,1,1,-23.0923,23.0923
1.8681,1,1,-23.0923,23.0923
1.8750,1,1,-23.0923,23.0923
1.8819,1,1,-23.0923,23.0923
1.8889,1,1,-23.0923,23.0923
1.8958,1,1,-23.0923,23.0923
1.9028,1,1,-23.0923,23.0923
1.9097,1,1,-23.0923,23.0923
1.9167,1,1,-23.0923,23.0923
1.9236,1,1,-23.0923,23.0923
1.9306,1,1,-23.0923,23.0923
1.9375,1,1,-23.0923,23.0923
1.9444,1,1,-23.0923,23.0923
1.9514,1,1,-23.0923,23.0923
1.9583,1,1,-23.0923,23.0923
1.9653,1,1,-23.0923,23.0923
1.9722,1,1,-23.0923,23.0923
1.9792,1,1,-23.0923,23.0923
1.9861,1,1,-23.0923,23.0923
1.9931,1,1,-23.0923,23.0923
2.0000,0,1,-23.0923,23.0923
2.0069,0,1,-23.0923,23.0923
2.0139,0,1,-23.0923,23.0923
2.0208,0,1,-23.0923,23.0923
2.0278,0,1,-23.0923,23.0923
2.0347,0,1,-23.0923,23.0923
2.0417,0,1,-23.0923,23.0923
2.0486,0,1,-23.0923,23.0923
2.0556,0,1,-23.0923,23.0923
2.0625,0,1,-23.0923,23.0923
2.0694,0,1,-23.0923,23.0923
2.0764,0,1,-23.0923,23.0923
2.0833,0,1,-23.0923,23.0923
2.0903,0,1,-23.0923,23.0923
2.0972,0,1,-23.0923,23.0923
2.1042,0,1,-23.0923,23.0923
2.1111,0,1,-23.0923,23.0923
2.1181,0,1,-23.0923,23.0923
2.1250,0,1,-23.0923,23.0923
2.1319,0,1,-23.0923,23.0923
2.1389,0,1,-23.0923,23.0923
2.1458,0,1,-23.0923,23.0923
2.1528,0,1,-23.0923,23.0923
2.1597,0,1,-23.0923,23.0923
2.1667,0,1,-23.0923,23.0923
2.1736,0,1,-23.0923,23.0923
2.1806,0,1,-23.0923,23.0923
2.1875,0,1,-23.0923,23.0923
2.1944,0,1,-23.0923,23.0923
2.2014,0,1,-23.0923,23.0923
2.2083,0,1,-23.0923,23.0923
2.2153,0,1,-23.0923,23.0923
2.2222,0,1,-23.0923,23.0923
2.2292,0,1,-23.0923,23.0923
2.2361,0,1,-23.0923,23.0923
2.2431,0,1,-23.0923,23.0923
2.2500,0,1,-23.0923,23.0923
2.2569,0,1,-23.0923,23.0923
2.2639,0,1,-23.0923,23.0923
2.2708,0,1,-23.0923,23.0923
2.2778,0,1,-23.0923,23.0923
2.2847,0,1,-23.0923,23.0923
2.2917,0,1,-23.0923,23.0923
2.2986,0,1,-23.0923,23.0923
2.3056,0,1,-23.0923,23.0923
2.3125,0,1,-23.0923,23.0923
2.3194,0,1,-23.0923,23.0923
2.3264,0,1,-23.0923,23.0923
2.3333,0,1,-23.0923,23.0923
2.3403,0,1,-23.0923,23.0923
2.3472,0,1,-23.0923,23.0923
2.3542,0,1,-23.0923,23.0923
2.3611,0,1,-23.0923,23.0923
2.3681,0,1,-23.0923,23.0923
2.3750,0,1,-23.0923,23.0923
2.3819,0,1,-23.0923,23.0923
2.3889,0,1,-23.0923,23.0923
2.3958,0,1,-23.0923,23.0923
2.4028,0,1,-23.0923,23.0923
2.4097,0,1,-23.0923,23.0923
2.4167,0,1,-23.0923,23.0923
2.4236,0,1,-23.0923,23.0923
2.4306,0,1,-23.0923,23.0923
2.4375,0,1,-23.0923,23.0923
2.4444,0,1,-23.0923,23.0923
2.4514,0,1,-23.0923,23.0923
2.4583,0,1,-23.0923,23.0923
2.4653,0,1,-23.0923,23.0923
2.4722,0,1,-23.0923,23.0923
2.4792,0,0,-20.0000,22.8199
2.4861,0,0,-20.0000,22.5715
2.4931,0,0,-20.0000,22.3449
2.5000,0,0,-20.0000,22.1384
2.5069,0,0,-20.0000,21.9500
2.5139,0,0,-20.0000,21.7782
2.5208,0,0,-20.0000,21.6215
2.5278,0,0,-20.0000,21.4787
2.5347,0,0,-20.0000,21.3484
2.5417,0,0,-20.0000,21.2296
2.5486,0,0,-20.0000,21.1213
2.5556,0,0,-20.0000,21.0225
2.5625,0,0,-20.0000,20.9324
2.5694,0,0,-20.0000,20.8503
2.5764,0,0,-20.0000,20.7754
2.5833,0,0,-20.0000,20.7071
2.5903,0,0,-20.0000,20.6448
2.5972,0,0,-20.0000,20.5880
2.6042,0,0,-20.0000,20.5362
2.6111,0,0,-20.0000,20.4890
2.6181,0,0,-20.0000,20.4459
2.6250,0,0,-20.0000,20.4066
2.6319,0,0,-20.0000,20.3708
2.6389,0,0,-20.0000,20.3381
2.6458,0,0,-20.0000,20.3083
2.6528,0,0,-20.0000,20.2812
2.6597,0,0,-20.0000,20.2564
2.6667,0,0,-20.0000,20.2338
2.6736,0,0,-20.0000,20.2132
2.6806,0,0,-20.0000,20.1944
2.6875,0,0,-20.0000,20.1773
2.6944,0,0,-20.0000,20.1617
2.7014,0,0,-20.0000,20.1474
2.7083,0,0,-20.0000,20.1344
2.7153,0,0,-20.0000,20.1226
2.7222,0,0,-20.0000,20.1118
2.7292,0,0,-20.0000,20.1020
2.7361,0,0,-20.0000,20.0930
2.7431,0,0,-20.0000,20.0848
2.7500,0,0,-20.0000,20.0773
2.7569,0,0,-20.0000,20.0705
2.7639,0,0,-20.0000,20.0643
2.7708,0,0,-20.0000,20.0586
2.7778,0,0,-20.0000,20.0535
2.7847,0,0,-20.0000,20.0488
2.7917,0,0,-20.0000,20.0445
2.7986,0,0,-20.0000,20.0405
2.8056,0,0,-20.0000,20.0370
2.8125,0,0,-20.0000,20.0337
2.8194,0,0,-20.0000,20.0307
2.8264,0,0,-20.0000,20.0280
2.8333,0,0,-20.0000,20.0256
2.8403,0,0,-20.0000,20.0233
2.8472,0,0,-20.0000,20.0213
2.8542,0,0,-20.0000,20.0194
2.8611,0,0,-20.0000,20.0177
2.8681,0,0,-20.0000,20.0161
2.8750,0,0,-20.0000,20.0147
2.8819,0,0,-20.0000,20.0134
2.8889,0,0,-20.0000,20.0122
2.8958,0,0,-20.0000,20.0112
2.9028,0,0,-20.0000,20.0102
2.9097,0,0,-20.0000,20.0093
2.9167,0,0,-20.0000,20.0085
2.9236,0,0,-20.0000,20.0077
2.9306,0,0,-20.0000,20.0070
2.9375,0,0,-20.0000,20.0064
2.9444,0,0,-20.0000,20.0058
2.9514,0,0,-20.0000,20.0053
2.9583,0,0,-20.0000,20.0049
2.9653,0,0,-20.0000,20.0044
2.9722,0,0,-20.0000,20.0040
2.9792,0,0,-20.0000,20.0037
2.9861,0,0,-20.0000,20.0034
2.9931,0,0,-20.0000,20.0031
3.0000,0,0,-20.0000,20.0028
3.0069,0,0,-20.0000,20.0026
3.0139,0,0,-20.0000,20.0023
3.0208,0,0,-20.0000,20.0021
3.0278,0,0,-20.0000,20.0019
3.0347,0,0,-20.0000,20.0018
3.0417,0,0,-20.0000,20.0016
3.0486,0,0,-20.0000,20.0015
3.0556,0,0,-20.0000,20.0013
3.0625,0,0,-20.0000,20.0012
3.0694,0,0,-20.0000,20.0011
3.0764,0,0,-20.0000,20.0010
3.0833,0,0,-20.0000,20.0009
3.0903,0,0,-20.0000,20.0008
3.0972,0,0,-20.0000,20.0008
3.1042,0,0,-20.0000,20.0007
3.1111,0,0,-20.0000,20.0006
3.1181,0,0,-20.0000,20.0006
3.1250,0,0,-20.0000,20.0005
3.1319,0,0,-20.0000,20.0005
3.1389,0,0,-20.0000,20.0004
3.1458,0,0,-20.0000,20.0004
3.1528,0,0,-20.0000,20.0004
3.1597,0,0,-20.0000,20.0003
3.1667,0,0,-20.0000,20.0003
3.1736,0,0,-20.0000,20.0003
3.1806,0,0,-20.0000,20.0003
3.1875,0,0,-20.0000,20.0002
3.1944,0,0,-20.0000,20.0002
3.2014,0,0,-20.0000,20.0002
3.2083,0,0,-20.0000,20.0002
3.2153,0,0,-20.0000,20.0002
3.2222,0,0,-20.0000,20.0002
3.2292,0,0,-20.0000,20.0001
3.2361,0,0,-20.0000,20.0001
3.2431,0,0,-20.0000,20.0001
3.2500,0,0,-20.0000,20.0001
3.2569,0,0,-20.0000,20.0001
3.2639,0,0,-20.0000,20.0001
3.2708,0,0,-20.0000,20.0001
3.2778,0,0,-20.0000,20.0001
3.2847,0,0,-20.0000,20.0001
3.2917,0,0,-20.0000,20.0001
3.2986,0,0,-20.0000,20.0001
3.3056,0,0,-20.0000,20.0001
3.3125,0,0,-20.0000,20.0000
3.3194,0,0,-20.0000,20.0000
3.3264,0,0,-20.0000,20.0000
3.3333,0,0,-20.0000,20.0000
3.3403,0,0,-20.0000,20.0000
3.3472,0,0,-20.0000,20.0000
3.3542,0,0,-20.0000,20.0000
3.3611,0,0,-20.0000,20.0000
3.3681,0,0,-20.0000,20.0000
3.3750,0,0,-20.0000,20.0000
3.3819,0,0,-20.0000,20.0000
3.3889,0,0,-20.0000,20.0000
3.3958,0,0,-20.0000,20.0000
3.4028,0,0,-20.0000,20.0000
3.4097,0,0,-20.0000,20.0000
3.4167,0,0,-20.0000,20.0000
3.4236,0,0,-20.0000,20.0000
3.4306,0,0,-20.0000,20.0000
3.4375,0,0,-20.0000,20.0000
3.4444,0,0,-20.0000,20.0000
3.4514,0,0,-20.0000,20.0000
3.4583,0,0,-20.0000,20.0000
3.4653,0,0,-20.0000,20.0000
3.4722,0,0,-20.0000,20.0000
3.4792,0,0,-20.0000,20.0000
3.4861,0,0,-20.0000,20.0000
3.4931,0,0,-20.0000,20.0000
3.5000,0,0,-20.0000,20.0000
3.5069,0,0,-20.0000,20.0000
3.5139,0,0,-20.0000,20.0000
3.5208,0,0,-20.0000,20.0000
3.5278,0,0,-20.0000,20.0000
3.5347,0,0,-20.0000,20.0000
3.5417,0,0,-20.0000,20.0000
3.5486,0,0,-20.0000,20.0000
3.5556,0,0,-20.0000,20.0000
3.5625,0,0,-20.0000,20.0000
3.5694,0,0,-20.0000,20.0000
3.5764,0,0,-20.0000,20.0000
3.5833,0,0,-20.0000,20.0000
3.5903,0,0,-20.0000,20.0000
3.5972,0,0,-20.0000,20.0000
3.6042,0,0,-20.0000,20.0000
3.6111,0,0,-20.0000,20.0000
3.6181,0,0,-20.0000,20.0000
3.6250,0,0,-20.0000,20.0000
3.6319,0,0,-20.0000,20.0000
3.6389,0,0,-20.0000,20.0000
3.6458,0,0,-20.0000,20.0000
3.6528,0,0,-20.0000,20.0000
3.6597,0,0,-20.0000,20.0000
3.6667,0,0,-20.0000,20.0000
3.6736,0,0,-20.0000,20.0000
3.6806,0,0,-20.0000,20.0000
3.6875,0,0,-20.0000,20.0000
3.6944,0,0,-20.0000,20.0000
3.7014,0,0,-20.0000,20.0000
3.7083,0,0,-20.0000,20.0000
3.7153,0,0,-20.0000,20.0000
3.7222,0,0,-20.0000,20.0000
3.7292,0,0,-20.0000,20.0000
3.7361,0,0,-20.0000,20.0000
3.7431,0,0,-20.0000,20.0000
3.7500,0,0,-20.0000,20.0000
3.7569,0,0,-20.0000,20.0000
3.7639,0,0,-20.0000,20.0000
3.7708,0,0,-20.0000,20.0000
3.7778,0,0,-20.0000,20.0000
3.7847,0,0,-20.0000,20.0000
3.7917,0,0,-20.0000,20.0000
3.7986,0,0,-20.0000,20.0000
3.8056,0,0,-20.0000,20.0000
3.8125,0,0,-20.0000,20.0000
3.8194,0,0,-20.0000,20.0000
3.8264,0,0,-20.0000,20.0000
3.8333,0,0,-20.0000,20.0000
3.8403,0,0,-20.0000,20.0000
3.8472,0,0,-20.0000,20.0000
3.8542,0,0,-20.0000,20.0000
3.8611,0,0,-20.0000,20.0000
3.8681,0,0,-20.0000,20.0000
3.8750,0,0,-20.0000,20.0000
3.8819,0,0,-20.0000,20.0000
3.8889,0,0,-20.0000,20.0000
3.8958,0,0,-20.0000,20.0000
3.9028,0,0,-20.0000,20.0000
3.9097,0,0,-20.0000,20.0000
3.9167,0,0,-20.0000,20.0000
3.9236,0,0,-20.0000,20.0000
3.9306,0,0,-20.0000,20.0000
3.9375,0,0,-20.0000,20.0000
3.9444,0,0,-20.0000,20.0000
3.9514,0,0,-20.0000,20.0000
3.9583,0,0,-20.0000,20.0000
3.9653,0,0,-20.0000,20.0000
3.9722,0,0,-20.0000,20.0000
3.9792,0,0,-20.0000,20.0000
3.9861,0,0,-20.0000,20.0000
3.9931,0,0,-20.0000,20.0000
