frame,master,pr_head,after
-12,122,122,122
-9,122,122,122
-6,122,122,122
-3,122,122,122
0,122,122,122
3,123,122,122
6,124,122,122
9,124,122,122
12,125,122,122
15,125,122,122
18,125,122,122
21,126,122,122
24,126,122,122
27,126,122,122
30,126,126,123
33,126,132,125
36,126,135,128
39,126,136,130
42,126,137,132
45,126,138,133
48,126,138,135
51,126,138,135
54,126,138,136
57,126,138,137
60,126,138,137
63,126,138,137
66,126,138,137
69,126,138,138
72,126,138,138
75,126,138,138
78,126,138,138
81,126,138,138
84,126,138,138
87,126,138,138
90,126,138,138
93,126,138,138
96,126,138,138
99,126,138,138
102,126,138,138
105,126,138,138
108,126,138,138
111,126,138,138
114,126,138,138
117,126,138,138
120,126,138,138
123,126,138,138
126,125,138,138
129,124,138,138
132,124,138,138
135,123,138,138
138,123,138,138
141,123,138,138
144,123,138,138
147,123,138,138
150,122,135,138
153,122,129,135
156,122,126,131
159,122,124,129
162,122,123,127
165,122,123,125
168,122,123,124
171,122,123,124
174,122,122,123
177,122,122,123
180,122,122,123
183,122,122,123
186,122,122,123
189,122,122,122
192,122,122,122
195,122,122,122
198,122,122,122
201,122,122,122
204,122,122,122
207,122,122,122
210,122,122,122
213,122,122,122
216,122,122,122
219,122,122,122
222,122,122,122
225,122,122,122
228,122,122,122
231,122,122,122
234,122,122,122
237,122,122,122
240,122,122,122
243,122,122,122
246,122,122,122
249,122,122,122
