frame,variant,commanded,hull_width_px
0,after,False,309
0,before,False,309
3,after,False,244
3,before,False,244
6,after,False,219
6,before,False,219
9,after,False,209
9,before,False,209
12,after,False,204
12,before,False,204
15,after,False,201
15,before,False,201
18,after,False,200
18,before,False,200
21,after,False,199
21,before,False,199
24,after,False,198
24,before,False,198
27,after,False,198
27,before,False,198
30,after,True,198
30,before,True,198
33,after,True,196
33,before,True,198
36,after,True,192
36,before,True,198
39,after,True,188
39,before,True,198
42,after,True,184
42,before,True,198
45,after,True,182
45,before,True,198
48,after,True,179
48,before,True,198
51,after,True,177
51,before,True,199
54,after,True,176
54,before,True,199
57,after,True,176
57,before,True,199
60,after,True,174
60,before,True,198
63,after,True,174
63,before,True,196
66,after,True,174
66,before,True,192
69,after,True,174
69,before,True,188
72,after,True,174
72,before,True,184
75,after,True,174
75,before,True,182
78,after,True,174
78,before,True,180
81,after,True,174
81,before,True,178
84,after,True,174
84,before,True,177
87,after,True,174
87,before,True,176
90,after,True,174
90,before,True,176
93,after,True,174
93,before,True,176
96,after,True,174
96,before,True,175
99,after,True,174
99,before,True,175
102,after,True,174
102,before,True,174
105,after,True,174
105,before,True,174
108,after,True,174
108,before,True,174
111,after,True,174
111,before,True,175
114,after,True,174
114,before,True,175
117,after,True,175
117,before,True,175
120,after,True,175
120,before,True,176
123,after,True,176
123,before,True,176
126,after,True,176
126,before,True,176
129,after,True,176
129,before,True,176
132,after,True,176
132,before,True,176
135,after,True,176
135,before,True,176
138,after,True,176
138,before,True,176
141,after,True,176
141,before,True,176
144,after,True,176
144,before,True,176
147,after,True,176
147,before,True,176
150,after,False,176
150,before,False,176
153,after,False,176
153,before,False,176
156,after,False,176
156,before,False,176
159,after,False,177
159,before,False,177
162,after,False,177
162,before,False,177
165,after,False,177
165,before,False,177
168,after,False,177
168,before,False,177
171,after,False,177
171,before,False,177
174,after,False,177
174,before,False,177
177,after,False,177
177,before,False,177
180,after,False,177
180,before,False,177
183,after,False,182
183,before,False,182
186,after,False,188
186,before,False,188
189,after,False,192
189,before,False,192
192,after,False,196
192,before,False,196
195,after,False,199
195,before,False,199
198,after,False,202
198,before,False,202
201,after,False,202
201,before,False,202
204,after,False,204
204,before,False,204
207,after,False,204
207,before,False,204
210,after,False,204
210,before,False,204
213,after,False,204
213,before,False,204
216,after,False,205
216,before,False,205
219,after,False,205
219,before,False,205
222,after,False,205
222,before,False,205
225,after,False,205
225,before,False,205
228,after,False,205
228,before,False,205
231,after,False,205
231,before,False,205
234,after,False,205
234,before,False,205
237,after,False,205
237,before,False,205
